Phase,Sprint,Task ID,Title,Description,Estimate (days),Priority,Dependencies,Status,Assignee,Labels
Backend Foundation,1-2,1.1.1,Initialize Express.js server structure,Set up basic Express.js server with routing structure,1,High,,To Do,,backend;setup
Backend Foundation,1-2,1.1.2,Set up middleware,Configure CORS helmet rate limiting middleware,1,High,1.1.1,To Do,,backend;middleware
Backend Foundation,1-2,1.1.3,Configure logging system,Implement Winston or similar logging,0.5,High,1.1.1,To Do,,backend;logging
Backend Foundation,1-2,1.1.4,Set up error handling middleware,Create centralized error handling,0.5,High,1.1.2,To Do,,backend;error-handling
Backend Foundation,1-2,1.1.5,Create API documentation structure,Set up Swagger/OpenAPI docs,1,High,1.1.1,To Do,,backend;documentation
Backend Foundation,1-2,1.2.1,Design database schema,Create schema for users products orders cart,2,High,1.1.5,To Do,,backend;database;design
Backend Foundation,1-2,1.2.2,Set up PostgreSQL connection,Configure database connection pool,1,High,1.2.1,To Do,,backend;database
Backend Foundation,1-2,1.2.3,Create migration system,Set up database migrations,1,High,1.2.2,To Do,,backend;database;migrations
Backend Foundation,1-2,1.2.4,Implement database seeding,Create seed data for development,0.5,High,1.2.3,To Do,,backend;database
Backend Foundation,1-2,1.2.5,Set up connection pooling,Optimize database connections,0.5,High,1.2.2,To Do,,backend;database;performance
Backend Foundation,1-2,1.3.1,Implement JWT authentication,Create JWT token generation and validation,2,High,1.2.3,To Do,,backend;auth
Backend Foundation,1-2,1.3.2,Create user registration endpoint,Build registration API with validation,1,High,1.3.1,To Do,,backend;auth;api
Backend Foundation,1-2,1.3.3,Create user login endpoint,Build login API with JWT issuance,1,High,1.3.1,To Do,,backend;auth;api
Backend Foundation,1-2,1.3.4,Implement password hashing,Use bcrypt for secure password storage,0.5,High,1.3.2,To Do,,backend;auth;security
Backend Foundation,1-2,1.3.5,Add refresh token functionality,Implement token refresh mechanism,1,High,1.3.3,To Do,,backend;auth
Backend Foundation,1-2,1.3.6,Create password reset flow,Build forgot/reset password endpoints,1,High,1.3.3,To Do,,backend;auth;api
Backend Foundation,1-2,1.4.1,Create user CRUD endpoints,Build Create Read Update Delete for users,2,High,1.3.1,To Do,,backend;api;users
Backend Foundation,1-2,1.4.2,Implement role-based access control,Add RBAC middleware and checks,1,High,1.4.1,To Do,,backend;auth;security
Backend Foundation,1-2,1.4.3,Add user profile management,Create profile update endpoints,0.5,High,1.4.1,To Do,,backend;api;users
Backend Foundation,1-2,1.4.4,Create user listing with pagination,Implement paginated user list,0.5,High,1.4.1,To Do,,backend;api;users
Backend Foundation,1-2,1.4.5,Add user search and filtering,Implement user search functionality,1,High,1.4.4,To Do,,backend;api;search
Core Business Logic,3-4,2.1.1,Create product CRUD endpoints,Build full product management API,2,High,1.2.3,To Do,,backend;api;products
Core Business Logic,3-4,2.1.2,Implement product search with criteria,Add search with multiple criteria,2,High,2.1.1,To Do,,backend;api;search
Core Business Logic,3-4,2.1.3,Add product filtering,Filter by category price status,1,High,2.1.2,To Do,,backend;api;products
Core Business Logic,3-4,2.1.4,Implement product sorting,Sort by price name date,0.5,High,2.1.1,To Do,,backend;api;products
Core Business Logic,3-4,2.1.5,Add product image upload,Implement file upload for images,1,High,2.1.1,To Do,,backend;api;upload
Core Business Logic,3-4,2.1.6,Create product validation,Add comprehensive validation rules,0.5,High,2.1.1,To Do,,backend;validation
Core Business Logic,3-4,2.2.1,Create cart data model,Design cart schema and relationships,1,High,2.1.1,To Do,,backend;database;cart
Core Business Logic,3-4,2.2.2,Implement add to cart endpoint,Build add item to cart API,1,High,2.2.1,To Do,,backend;api;cart
Core Business Logic,3-4,2.2.3,Create update cart quantity endpoint,Update item quantities in cart,1,High,2.2.2,To Do,,backend;api;cart
Core Business Logic,3-4,2.2.4,Implement remove from cart,Remove items from cart,0.5,High,2.2.2,To Do,,backend;api;cart
Core Business Logic,3-4,2.2.5,Add cart calculation,Calculate subtotal tax total,1,High,2.2.3,To Do,,backend;api;cart;formulas
Core Business Logic,3-4,2.2.6,Create cart persistence,Save cart for logged-in users,0.5,High,2.2.1,To Do,,backend;database;cart
Core Business Logic,3-4,2.3.1,Design order schema and workflow,Create order data model and states,2,High,2.2.1,To Do,,backend;database;orders
Core Business Logic,3-4,2.3.2,Create order placement endpoint,Build checkout and order creation,2,High,2.3.1,To Do,,backend;api;orders
Core Business Logic,3-4,2.3.3,Implement order status tracking,Add status updates and history,1,High,2.3.2,To Do,,backend;api;orders
Core Business Logic,3-4,2.3.4,Add order history for users,List user's past orders,0.5,High,2.3.2,To Do,,backend;api;orders
Core Business Logic,3-4,2.3.5,Create admin order management,Admin view and manage all orders,1,High,2.3.3,To Do,,backend;api;admin
Core Business Logic,3-4,2.3.6,Implement order calculations with discounts,Apply discounts and calculate totals,1,High,2.3.2,To Do,,backend;formulas;orders
Core Business Logic,3-4,2.4.1,Integrate Stripe payment processing,Set up Stripe SDK and config,2,Medium,2.3.2,To Do,,backend;payment;integration
Core Business Logic,3-4,2.4.2,Create payment intent endpoint,Build payment intent creation API,1,Medium,2.4.1,To Do,,backend;api;payment
Core Business Logic,3-4,2.4.3,Implement payment confirmation,Handle payment success flow,1,Medium,2.4.2,To Do,,backend;api;payment
Core Business Logic,3-4,2.4.4,Add payment webhook handling,Process Stripe webhooks,1,Medium,2.4.3,To Do,,backend;api;payment
Core Business Logic,3-4,2.4.5,Create payment history tracking,Store payment transaction history,0.5,Medium,2.4.3,To Do,,backend;database;payment
Frontend Development,5-7,3.1.1,Initialize React application,Set up React with Vite or CRA,1,High,,To Do,,frontend;setup
Frontend Development,5-7,3.1.2,Set up routing system,Configure React Router,0.5,High,3.1.1,To Do,,frontend;routing
Frontend Development,5-7,3.1.3,Configure API client with axios,Set up axios interceptors and config,1,High,3.1.1,To Do,,frontend;api
Frontend Development,5-7,3.1.4,Implement authentication state management,Use Context or Redux for auth state,1,High,3.1.3,To Do,,frontend;auth;state
Frontend Development,5-7,3.1.5,Create responsive layout structure,Build header footer navigation,1,High,3.1.2,To Do,,frontend;ui;layout
Frontend Development,5-7,3.1.6,Set up UI component library,Install and configure Tailwind or MUI,0.5,High,3.1.1,To Do,,frontend;ui
Frontend Development,5-7,3.2.1,Create login page,Build login form and validation,1,High,3.1.4,To Do,,frontend;auth;ui
Frontend Development,5-7,3.2.2,Create registration page,Build registration form with validation,1,High,3.1.4,To Do,,frontend;auth;ui
Frontend Development,5-7,3.2.3,Implement logout functionality,Add logout button and clear auth state,0.5,High,3.2.1,To Do,,frontend;auth
Frontend Development,5-7,3.2.4,Add password reset UI,Create forgot and reset password pages,1,High,3.2.1,To Do,,frontend;auth;ui
Frontend Development,5-7,3.2.5,Create protected route wrapper,Implement route guards for auth,0.5,High,3.1.4,To Do,,frontend;auth;routing
Frontend Development,5-7,3.2.6,Add authentication error handling,Display auth errors and messages,0.5,High,3.2.1,To Do,,frontend;auth;error-handling
Frontend Development,5-7,3.3.1,Create product listing page,Display products in grid layout,2,High,3.1.5,To Do,,frontend;products;ui
Frontend Development,5-7,3.3.2,Implement product search interface,Add search bar with live search,1,High,3.3.1,To Do,,frontend;products;search
Frontend Development,5-7,3.3.3,Add filter sidebar,Create filter UI for category price status,1,High,3.3.1,To Do,,frontend;products;filters
Frontend Development,5-7,3.3.4,Create sort dropdown,Add sorting options dropdown,0.5,High,3.3.1,To Do,,frontend;products;ui
Frontend Development,5-7,3.3.5,Implement pagination controls,Add page navigation and controls,0.5,High,3.3.1,To Do,,frontend;products;ui
Frontend Development,5-7,3.3.6,Create product detail page,Show detailed product information,2,High,3.3.1,To Do,,frontend;products;ui
Frontend Development,5-7,3.4.1,Create cart page/sidebar,Build cart UI component,2,High,3.1.5,To Do,,frontend;cart;ui
Frontend Development,5-7,3.4.2,Implement add to cart button,Add button on product cards,0.5,High,3.3.1,To Do,,frontend;cart;ui
Frontend Development,5-7,3.4.3,Add quantity adjustment controls,Create +/- quantity buttons,0.5,High,3.4.1,To Do,,frontend;cart;ui
Frontend Development,5-7,3.4.4,Create remove from cart functionality,Add remove button and confirmation,0.5,High,3.4.1,To Do,,frontend;cart;ui
Frontend Development,5-7,3.4.5,Display cart totals with tax,Show subtotal tax and total amounts,1,High,3.4.1,To Do,,frontend;cart;ui
Frontend Development,5-7,3.4.6,Add discount code input,Create promo code input field,0.5,High,3.4.5,To Do,,frontend;cart;ui
Frontend Development,5-7,3.5.1,Create checkout form,Build shipping and billing form,2,High,3.4.1,To Do,,frontend;checkout;ui
Frontend Development,5-7,3.5.2,Implement form validation,Add client-side validation,1,High,3.5.1,To Do,,frontend;checkout;validation
Frontend Development,5-7,3.5.3,Add payment information collection,Integrate Stripe Elements,2,High,3.5.1,To Do,,frontend;payment;ui
Frontend Development,5-7,3.5.4,Create order review page,Show order summary before payment,1,High,3.5.2,To Do,,frontend;checkout;ui
Frontend Development,5-7,3.5.5,Implement order confirmation page,Display order success message,0.5,High,3.5.3,To Do,,frontend;checkout;ui
Frontend Development,5-7,3.5.6,Add email confirmation,Trigger confirmation email on success,0.5,High,3.5.5,To Do,,frontend;checkout
Frontend Development,5-7,3.6.1,Create user profile page,Display user information,1,Medium,3.2.1,To Do,,frontend;user;ui
Frontend Development,5-7,3.6.2,Implement profile editing,Allow users to update profile,1,Medium,3.6.1,To Do,,frontend;user;ui
Frontend Development,5-7,3.6.3,Add order history view,List all user orders,1,Medium,3.6.1,To Do,,frontend;user;orders
Frontend Development,5-7,3.6.4,Create order detail view,Show detailed order information,1,Medium,3.6.3,To Do,,frontend;user;orders
Frontend Development,5-7,3.6.5,Add wishlist functionality,Create save for later feature,1,Medium,3.6.1,To Do,,frontend;user;wishlist
Admin Panel,8-9,4.1.1,Create admin layout and navigation,Build admin dashboard structure,2,Medium,3.1.5,To Do,,frontend;admin;ui
Admin Panel,8-9,4.1.2,Build analytics dashboard,Display charts and metrics,2,Medium,4.1.1,To Do,,frontend;admin;analytics
Admin Panel,8-9,4.1.3,Display sales metrics,Show revenue and sales data,0.5,Medium,4.1.2,To Do,,frontend;admin;analytics
Admin Panel,8-9,4.1.4,Show user statistics,Display user counts and growth,0.5,Medium,4.1.2,To Do,,frontend;admin;analytics
Admin Panel,8-9,4.1.5,Add recent orders widget,Show latest orders on dashboard,0.5,Medium,4.1.2,To Do,,frontend;admin;ui
Admin Panel,8-9,4.2.1,Create product management interface,Build admin product list view,2,Medium,4.1.1,To Do,,frontend;admin;products
Admin Panel,8-9,4.2.2,Implement product creation form,Add new product form,1,Medium,4.2.1,To Do,,frontend;admin;products
Admin Panel,8-9,4.2.3,Add product editing capability,Edit existing products,1,Medium,4.2.2,To Do,,frontend;admin;products
Admin Panel,8-9,4.2.4,Create bulk product actions,Add bulk delete enable/disable,0.5,Medium,4.2.1,To Do,,frontend;admin;products
Admin Panel,8-9,4.2.5,Add product image management,Upload and manage product images,1,Medium,4.2.2,To Do,,frontend;admin;products;upload
Admin Panel,8-9,4.3.1,Create order management interface,Build admin order list view,2,Medium,4.1.1,To Do,,frontend;admin;orders
Admin Panel,8-9,4.3.2,Implement order status updates,Allow status changes by admin,1,Medium,4.3.1,To Do,,frontend;admin;orders
Admin Panel,8-9,4.3.3,Add order filtering and search,Filter and search orders,0.5,Medium,4.3.1,To Do,,frontend;admin;orders
Admin Panel,8-9,4.3.4,Create order export functionality,Export orders to CSV/Excel,0.5,Medium,4.3.1,To Do,,frontend;admin;orders;export
Admin Panel,8-9,4.3.5,Add refund processing,Handle refund requests,1,Medium,4.3.2,To Do,,frontend;admin;orders;payment
Admin Panel,8-9,4.4.1,Create user management interface,Build admin user list view,1,Low,4.1.1,To Do,,frontend;admin;users
Admin Panel,8-9,4.4.2,Implement user role assignment,Change user roles,1,Low,4.4.1,To Do,,frontend;admin;users
Admin Panel,8-9,4.4.3,Add user ban/suspend functionality,Ban or suspend users,0.5,Low,4.4.1,To Do,,frontend;admin;users
Admin Panel,8-9,4.4.4,Create user activity logs,Display user action history,1,Low,4.4.1,To Do,,frontend;admin;users;logging
Advanced Features,10-11,5.1.1,Implement local file storage,Set up local file system storage,1,Medium,2.1.5,To Do,,backend;storage
Advanced Features,10-11,5.1.2,Add S3 integration option,Configure AWS S3 upload,2,Medium,5.1.1,To Do,,backend;storage;aws
Advanced Features,10-11,5.1.3,Create image optimization,Resize and compress images,1,Medium,5.1.1,To Do,,backend;storage;optimization
Advanced Features,10-11,5.1.4,Add file type validation,Validate file types and MIME,0.5,Medium,5.1.1,To Do,,backend;storage;validation
Advanced Features,10-11,5.1.5,Implement file size limits,Enforce upload size restrictions,0.5,Medium,5.1.1,To Do,,backend;storage;validation
Advanced Features,10-11,5.2.1,Set up email service,Configure SMTP or SendGrid,1,Medium,1.1.1,To Do,,backend;email;integration
Advanced Features,10-11,5.2.2,Create email templates,Design HTML email templates,1,Medium,5.2.1,To Do,,backend;email;templates
Advanced Features,10-11,5.2.3,Implement order confirmation emails,Send emails on order placement,1,Medium,5.2.2,To Do,,backend;email;orders
Advanced Features,10-11,5.2.4,Add password reset emails,Send password reset links,0.5,Medium,5.2.2,To Do,,backend;email;auth
Advanced Features,10-11,5.2.5,Create welcome emails,Send welcome email on registration,0.5,Medium,5.2.2,To Do,,backend;email;auth
Advanced Features,10-11,5.3.1,Implement full-text search,Add PostgreSQL full-text search,2,Low,2.1.2,To Do,,backend;search;database
Advanced Features,10-11,5.3.2,Add search suggestions,Implement autocomplete,1,Low,5.3.1,To Do,,backend;search;api
Advanced Features,10-11,5.3.3,Create search history,Store user search history,1,Low,5.3.1,To Do,,backend;search;database
Advanced Features,10-11,5.3.4,Implement fuzzy matching,Add fuzzy search capabilities,1,Low,5.3.1,To Do,,backend;search;algorithm
Advanced Features,10-11,5.3.5,Add search analytics,Track search metrics,0.5,Low,5.3.3,To Do,,backend;search;analytics
Advanced Features,10-11,5.4.1,Set up Redis cache,Configure Redis connection,1,Low,1.2.2,To Do,,backend;cache;redis
Advanced Features,10-11,5.4.2,Implement product caching,Cache product data,1,Low,5.4.1,To Do,,backend;cache;products
Advanced Features,10-11,5.4.3,Add session caching,Store sessions in Redis,0.5,Low,5.4.1,To Do,,backend;cache;session
Advanced Features,10-11,5.4.4,Create cache invalidation strategy,Handle cache updates,0.5,Low,5.4.2,To Do,,backend;cache;strategy
Testing & Deployment,12-13,6.1.1,Write unit tests for formulas,Test all calculation formulas,2,High,2.1.1,To Do,,backend;testing;unit
Testing & Deployment,12-13,6.1.2,Create API integration tests,Test all API endpoints,2,High,2.1.1,To Do,,backend;testing;integration
Testing & Deployment,12-13,6.1.3,Add authentication tests,Test auth flows and security,1,High,1.3.1,To Do,,backend;testing;auth
Testing & Deployment,12-13,6.1.4,Implement database tests,Test database operations,0.5,High,1.2.3,To Do,,backend;testing;database
Testing & Deployment,12-13,6.1.5,Create test data factories,Build test data generators,0.5,High,6.1.4,To Do,,backend;testing;fixtures
Testing & Deployment,12-13,6.2.1,Write component unit tests,Test React components,2,Medium,3.3.1,To Do,,frontend;testing;unit
Testing & Deployment,12-13,6.2.2,Create integration tests,Test component interactions,1,Medium,3.3.1,To Do,,frontend;testing;integration
Testing & Deployment,12-13,6.2.3,Add E2E tests with Cypress,Write end-to-end test scenarios,2,Medium,3.5.5,To Do,,frontend;testing;e2e
Testing & Deployment,12-13,6.2.4,Implement accessibility tests,Test WCAG compliance,0.5,Medium,3.1.5,To Do,,frontend;testing;a11y
Testing & Deployment,12-13,6.3.1,Implement database query optimization,Optimize slow queries and indexes,1,Medium,6.1.4,To Do,,backend;performance;database
Testing & Deployment,12-13,6.3.2,Add API response caching,Cache API responses,1,Medium,5.4.2,To Do,,backend;performance;cache
Testing & Deployment,12-13,6.3.3,Optimize frontend bundle size,Code splitting and tree shaking,1,Medium,6.2.1,To Do,,frontend;performance;build
Testing & Deployment,12-13,6.3.4,Implement lazy loading,Lazy load routes and components,0.5,Medium,3.1.2,To Do,,frontend;performance;optimization
Testing & Deployment,12-13,6.3.5,Add image lazy loading,Lazy load product images,0.5,Medium,3.3.1,To Do,,frontend;performance;optimization
Testing & Deployment,12-13,6.4.1,Implement SQL injection prevention,Use parameterized queries,1,High,1.2.2,To Do,,backend;security;database
Testing & Deployment,12-13,6.4.2,Add XSS protection,Sanitize inputs and outputs,1,High,2.1.1,To Do,,backend;security;validation
Testing & Deployment,12-13,6.4.3,Set up CSRF protection,Implement CSRF tokens,1,High,1.1.2,To Do,,backend;security;middleware
Testing & Deployment,12-13,6.4.4,Implement rate limiting per user,Add user-specific rate limits,0.5,High,1.1.2,To Do,,backend;security;rate-limit
Testing & Deployment,12-13,6.4.5,Add security headers,Configure Helmet security headers,0.5,High,1.1.2,To Do,,backend;security;headers
Testing & Deployment,12-13,6.4.6,Create security audit,Run security scan and fix issues,1,High,6.4.5,To Do,,security;audit
Testing & Deployment,12-13,6.5.1,Write API documentation,Create OpenAPI/Swagger docs,2,Medium,2.3.6,To Do,,documentation;api
Testing & Deployment,12-13,6.5.2,Create user guide,Write end-user documentation,1,Medium,3.5.5,To Do,,documentation;user
Testing & Deployment,12-13,6.5.3,Write deployment guide,Document deployment process,1,Medium,6.6.5,To Do,,documentation;deployment
Testing & Deployment,12-13,6.5.4,Add code comments,Document complex code sections,0.5,Medium,6.1.1,To Do,,documentation;code
Testing & Deployment,12-13,6.5.5,Create architecture diagrams,Draw system architecture diagrams,0.5,Medium,6.5.1,To Do,,documentation;architecture
Testing & Deployment,12-13,6.6.1,Set up production environment,Configure production servers,2,High,6.4.6,To Do,,devops;deployment;setup
Testing & Deployment,12-13,6.6.2,Configure CI/CD pipeline,Set up GitHub Actions or similar,2,High,6.1.2,To Do,,devops;ci-cd
Testing & Deployment,12-13,6.6.3,Set up database backups,Configure automated backups,0.5,High,6.6.1,To Do,,devops;database;backup
Testing & Deployment,12-13,6.6.4,Configure monitoring and logging,Set up application monitoring,1,High,6.6.1,To Do,,devops;monitoring;logging
Testing & Deployment,12-13,6.6.5,Create deployment scripts,Write automated deployment scripts,0.5,High,6.6.2,To Do,,devops;deployment;automation
Testing & Deployment,12-13,6.6.6,Set up SSL certificates,Configure HTTPS and SSL,0.5,High,6.6.1,To Do,,devops;security;ssl
