Task ID,Title,Phase,Week,Day,Duration (Hours),Priority,Status,Dependencies,Tags,Key Deliverables
1,Project Setup & Repository Configuration,Planning & Architecture,1,1,2,Critical,Not Started,,"setup, devops","Repository structure, README, requirements.txt"
2,Requirements Gathering & User Stories,Planning & Architecture,1,2,2,Critical,Not Started,1,"planning, documentation","USER_STORIES.md, PERSONAS.md, prioritization matrix"
3,Database Schema Design,Planning & Architecture,1,3,2,Critical,Not Started,2,"database, architecture","DATABASE_SCHEMA.md, ERD diagrams, model definitions"
4,API Architecture & Endpoint Planning,Planning & Architecture,1,4,2,Critical,Not Started,3,"api, architecture","API_SPECIFICATION.md, endpoint inventory"
5,UI/UX Wireframing & Design System,Planning & Architecture,1,5,2,High,Not Started,2,"design, frontend","Wireframes, DESIGN_SYSTEM.md, component plan"
6,Security & Privacy Framework,Planning & Architecture,1,6,2,Critical,Not Started,4,"security, compliance","SECURITY_PLAN.md, role matrix, data procedures"
7,Development Environment & DevOps Setup,Planning & Architecture,1,7,2,Critical,Not Started,1,"devops, setup","Dockerfile, CI workflow, pre-commit hooks"
8,FastAPI Application Initialization,Backend Foundation,2,8,2,Critical,Not Started,7,"backend, setup","main.py, config.py, middleware, logger"
9,Database Connection & Base Models,Backend Foundation,2,9,2,Critical,Not Started,"8, 3","backend, database","database.py, base.py, Alembic setup"
10,User Authentication System,Backend Foundation,2,10,2,Critical,Not Started,"9, 6","backend, auth","user.py, auth.py, JWT utils, password reset"
11,User Profile & Settings API,Backend Foundation,2,11,2,High,Not Started,10,"backend, api","profile.py, users.py, file upload, validation"
12,Health Module - Data Models & API,Backend Foundation,2,12,2,High,Not Started,9,"backend, health, api","health.py models/routers, aggregation, tests"
13,Productivity Module - Data Models & API,Backend Foundation,2,13,2,High,Not Started,9,"backend, productivity, api","productivity.py models/routers, filtering, timer"
14,Backend Testing Framework,Backend Foundation,2,14,2,High,Not Started,8,"backend, testing","conftest.py, test_auth.py, pytest config"
15,React Application Scaffolding,Frontend Development,3,15,2,Critical,Not Started,7,"frontend, setup","React app, routing, layout components, theme"
16,Authentication UI & State Management,Frontend Development,3,16,2,Critical,Not Started,"15, 10","frontend, auth","LoginForm, RegisterForm, useAuth hook, AuthContext"
17,Dashboard & Navigation,Frontend Development,3,17,2,High,Not Started,16,"frontend, ui","Dashboard, Sidebar, Breadcrumb, responsive design"
18,Health Module UI,Frontend Development,3,18,2,High,Not Started,"17, 12","frontend, health","HealthDashboard, ActivityForm, GoalTracker, charts"
19,Productivity Module UI,Frontend Development,3,19,2,High,Not Started,"17, 13","frontend, productivity","TaskManager, TaskCard, TimeTracker, drag-and-drop"
20,API Integration & Error Handling,Frontend Development,3,20,2,Critical,Not Started,15,"frontend, api","api.ts, ErrorBoundary, useApi hook, notifications"
21,Finance Module - Backend & Frontend,Feature Enhancement,4,21,2,Medium,Not Started,"9, 17","backend, frontend, finance","finance.py models/routers, FinanceDashboard, charts"
22,Learning Module - Backend & Frontend,Feature Enhancement,4,22,2,Medium,Not Started,"9, 17","backend, frontend, learning","learning.py models/routers, CourseCatalog, progress"
23,OpenAI API Integration,AI Integration,4,23,2,High,Not Started,8,"backend, ai","ai_recommendations.py, prompts, Redis cache, endpoint"
24,Feedback Collection System,AI Integration,4,24,2,Medium,Not Started,"9, 17","backend, frontend, feedback","feedback.py models/routers, FeedbackWidget, sentiment"
25,Analytics & Insights Dashboard,Feature Enhancement,4,25,2,Medium,Not Started,"12, 13, 21, 22","backend, frontend, analytics","analytics.py, InsightsDashboard, export, visualizations"
26,Notification System,Feature Enhancement,4,26,2,Medium,Not Started,"9, 17","backend, frontend, notifications","notification.py model/service, NotificationCenter, emails"
27,Enhanced Security Implementation,Security & Polish,4,27,2,Critical,Not Started,"6, 8","backend, security","Rate limiting, CSRF, security headers, SECURITY_AUDIT.md"
28,Performance Optimization,Security & Polish,4,28,2,High,Not Started,"8, 15","backend, frontend, performance","DB indexes, Redis cache, code splitting, benchmarks"
29,Testing & Quality Assurance,Security & Polish,4,29,2,Critical,Not Started,"14, 20","testing, qa","Integration tests, E2E suite, security audit, accessibility"
30,Documentation & Deployment Preparation,Security & Polish,4,30,2,High,Not Started,29,"documentation, deployment","API docs, user guide, prod config, monitoring"
